horizon,fold_id,f1,precision,recall,fpr,roc_auc,pr_auc,tp,fp,tn,fn
1,0,0.0,0.0,0.0,0.0,0.8900000000000001,0.9138888888888889,0,0,10,10
1,1,0.0,0.0,0.0,0.0,0.5902777777777778,0.5363966836683555,0,0,12,12
1,2,0.0,0.0,0.0,0.0,0.85,0.7,0,0,10,2
1,3,0.0,0.0,0.0,0.0,1.0,1.0,0,0,5,1
1,4,0.0,0.0,0.0,0.0,0.0,0.16666666666666666,0,0,5,1
1,5,0.0,0.0,0.0,0.0,1.0,1.0,0,0,5,4
1,6,0.0,0.0,0.0,0.0,0.55,0.6527777777777778,0,0,5,4
1,7,0.0,0.0,0.0,0.0,0.39999999999999997,0.4206349206349206,0,0,5,3
1,8,0.0,0.0,0.0,0.0,0.7755102040816326,0.8119975262832404,0,0,7,7
1,9,0.0,0.0,0.0,0.0,1.0,1.0,0,0,5,5
1,10,0.0,0.0,0.0,0.0,0.75,0.5833333333333334,0,0,10,2
1,11,0.0,0.0,0.0,0.0,1.0,1.0,0,0,5,4
1,12,0.0,0.0,0.0,0.0,1.0,0.9999999999999999,0,0,10,10
1,13,0.0,0.0,0.0,0.0,1.0,1.0,0,0,5,1
1,14,0.0,0.0,0.0,0.0,1.0,1.0,0,0,8,8
1,15,0.0,0.0,0.0,0.0,1.0,1.0,0,0,12,12
1,16,0.0,0.0,0.0,0.0,1.0,1.0,0,0,33,33
1,17,0.0,0.0,0.0,0.0,1.0,1.0,0,0,6,6
1,18,0.0,0.0,0.0,0.0,1.0,0.9999999999999998,0,0,7,7
1,19,0.0,0.0,0.0,0.0,0.85,0.7,0,0,10,2
1,20,1.0,1.0,1.0,0.0,1.0,1.0,1,0,5,0
1,21,0.0,0.0,0.0,0.0,1.0,1.0,0,0,5,1
1,22,0.0,0.0,0.0,0.0,1.0,1.0,0,0,5,1
1,23,0.0,0.0,0.0,0.0,1.0,1.0,0,0,5,1
1,24,1.0,1.0,1.0,0.0,1.0,1.0,1,0,5,0
1,25,1.0,1.0,1.0,0.0,1.0,1.0,1,0,5,0
1,26,0.0,0.0,0.0,0.0,1.0,1.0,0,0,5,1
1,27,0.0,0.0,0.0,0.0,1.0,1.0,0,0,5,1
1,28,0.0,0.0,0.0,0.16666666666666666,,,0,1,5,0
1,29,1.0,1.0,1.0,0.0,1.0,1.0,1,0,5,0
1,30,1.0,1.0,1.0,0.0,1.0,1.0,2,0,5,0
1,31,0.0,0.0,0.0,0.0,1.0,1.0,0,0,5,1
1,32,0.0,0.0,0.0,0.0,1.0,1.0,0,0,5,1
1,33,0.0,0.0,0.0,0.0,0.6,0.3333333333333333,0,0,5,1
1,34,1.0,1.0,1.0,0.0,1.0,1.0,1,0,5,0
1,35,1.0,1.0,1.0,0.0,1.0,1.0,1,0,5,0
1,36,0.0,0.0,0.0,0.0,1.0,1.0,0,0,5,1
2,0,0.0,0.0,0.0,0.0,0.98,0.9809090909090908,0,0,10,10
2,1,0.0,0.0,0.0,0.0,0.5874125874125874,0.48892373223924024,0,0,13,11
2,2,0.0,0.0,0.0,0.0,0.6666666666666666,0.75,0,0,9,3
2,3,0.0,0.0,0.0,0.0,1.0,1.0,0,0,5,1
2,4,0.0,0.0,0.0,0.0,0.0,0.16666666666666666,0,0,5,1
2,5,0.0,0.0,0.0,0.0,1.0,1.0,0,0,5,4
2,6,0.0,0.0,0.0,0.0,0.45,0.4511904761904762,0,0,5,4
2,7,0.0,0.0,0.0,0.0,0.0,0.2757936507936508,0,0,5,3
2,8,0.0,0.0,0.0,0.0,1.0,0.9999999999999998,0,0,7,7
2,9,0.0,0.0,0.0,0.0,0.6,0.5628571428571428,0,0,5,5
2,10,0.5,1.0,0.3333333333333333,0.0,0.5925925925925926,0.5444444444444444,1,0,9,2
2,11,0.0,0.0,0.0,0.0,1.0,1.0,0,0,5,4
2,12,0.0,0.0,0.0,0.0,1.0,0.9999999999999999,0,0,10,10
2,13,0.0,0.0,0.0,0.0,1.0,1.0,0,0,5,1
2,14,0.0,0.0,0.0,0.0,1.0,1.0,0,0,8,8
2,15,0.0,0.0,0.0,0.0,1.0,1.0,0,0,12,12
2,16,0.0,0.0,0.0,0.0,1.0,1.0,0,0,33,33
2,17,0.0,0.0,0.0,0.0,1.0,1.0,0,0,6,6
2,18,0.0,0.0,0.0,0.0,0.9583333333333334,0.9484126984126984,0,0,8,6
2,19,0.0,0.0,0.0,0.0,0.9629629629629629,0.9166666666666665,0,0,9,3
2,20,1.0,1.0,1.0,0.0,1.0,1.0,1,0,5,0
2,21,1.0,1.0,1.0,0.0,1.0,1.0,1,0,5,0
2,22,1.0,1.0,1.0,0.0,1.0,1.0,1,0,5,0
2,23,0.0,0.0,0.0,0.0,1.0,1.0,0,0,5,1
2,24,0.0,0.0,0.0,0.0,1.0,1.0,0,0,5,1
2,25,0.0,0.0,0.0,0.0,1.0,1.0,0,0,5,1
2,26,1.0,1.0,1.0,0.0,1.0,1.0,1,0,5,0
2,27,1.0,1.0,1.0,0.0,1.0,1.0,1,0,5,0
2,28,0.0,0.0,0.0,0.0,,,0,0,6,0
2,29,0.0,0.0,0.0,0.0,1.0,1.0,0,0,5,1
2,30,1.0,1.0,1.0,0.0,1.0,1.0,2,0,5,0
2,31,1.0,1.0,1.0,0.0,1.0,1.0,1,0,5,0
2,32,0.0,0.0,0.0,0.0,1.0,1.0,0,0,5,1
2,33,1.0,1.0,1.0,0.0,1.0,1.0,1,0,5,0
2,34,0.0,0.0,0.0,0.0,1.0,1.0,0,0,5,1
2,35,1.0,1.0,1.0,0.0,1.0,1.0,1,0,5,0
2,36,1.0,1.0,1.0,0.0,1.0,1.0,1,0,5,0
5,0,0.0,0.0,0.0,0.0,0.08000000000000002,0.3554710210669963,0,0,10,10
5,1,0.0,0.0,0.0,0.0,0.9583333333333333,0.9510602823102823,0,0,12,12
5,2,0.0,0.0,0.0,0.0,0.4444444444444444,0.5876623376623377,0,0,6,6
5,3,0.0,0.0,0.0,0.0,0.0,0.16666666666666666,0,0,5,1
5,4,0.0,0.0,0.0,0.0,1.0,1.0,0,0,5,1
5,5,0.0,0.0,0.0,0.0,0.0,0.3179563492063492,0,0,5,4
5,6,0.0,0.0,0.0,0.0,0.04999999999999999,0.32628968253968255,0,0,5,4
5,7,0.0,0.0,0.0,0.0,0.19999999999999996,0.3206349206349206,0,0,5,3
5,8,0.0,0.0,0.0,0.0,0.3877551020408163,0.4609057609057609,0,0,7,7
5,9,0.0,0.0,0.0,0.0,0.32,0.44666666666666666,0,0,5,5
5,10,0.0,0.0,0.0,0.0,0.888888888888889,0.9107142857142856,0,0,6,6
5,11,0.0,0.0,0.0,0.0,0.0,0.3179563492063492,0,0,5,4
5,12,0.0,0.0,0.0,0.0,1.0,0.9999999999999999,0,0,10,10
5,13,1.0,1.0,1.0,0.0,1.0,1.0,1,0,5,0
5,14,0.0,0.0,0.0,0.0,1.0,1.0,0,0,8,8
5,15,0.0,0.0,0.0,0.0,1.0,1.0,0,0,12,12
5,16,0.0,0.0,0.0,0.0,1.0,1.0,0,0,33,33
5,17,0.0,0.0,0.0,0.0,1.0,1.0,0,0,6,6
5,18,0.7368421052631579,0.5833333333333334,1.0,0.7142857142857143,1.0,0.9999999999999998,7,5,2,0
5,19,0.0,0.0,0.0,0.0,0.25,0.5146464646464646,0,0,6,6
5,20,0.0,0.0,0.0,0.0,1.0,1.0,0,0,5,1
5,21,1.0,1.0,1.0,0.0,1.0,1.0,1,0,5,0
5,22,0.0,0.0,0.0,0.0,1.0,1.0,0,0,5,1
5,23,0.0,0.0,0.0,0.0,1.0,1.0,0,0,5,1
5,24,1.0,1.0,1.0,0.0,1.0,1.0,1,0,5,0
5,25,0.0,0.0,0.0,0.0,1.0,1.0,0,0,5,1
5,26,0.0,0.0,0.0,0.0,1.0,1.0,0,0,5,1
5,27,0.0,0.0,0.0,0.0,1.0,1.0,0,0,5,1
5,28,0.0,0.0,0.0,0.0,,,0,0,6,0
5,29,0.0,0.0,0.0,0.0,1.0,1.0,0,0,5,1
5,30,1.0,1.0,1.0,0.0,1.0,1.0,2,0,5,0
5,31,0.0,0.0,0.0,0.0,1.0,1.0,0,0,5,1
5,32,0.0,0.0,0.0,0.0,1.0,1.0,0,0,5,1
5,33,0.0,0.0,0.0,0.0,1.0,1.0,0,0,5,1
5,34,0.0,0.0,0.0,0.0,1.0,1.0,0,0,5,1
5,35,1.0,1.0,1.0,0.0,1.0,1.0,1,0,5,0
5,36,1.0,1.0,1.0,0.0,1.0,1.0,1,0,5,0
